id,is_anonimous,name,age,home_address_id,phone_number,is_male,time_create
1,1,Kacy,43,42,+33 (650) 328-7454,1,2023-11-16 14:10:24
2,0,Gerrilee,39,49,+62 (312) 601-7121,0,2024-03-14 21:30:40
3,0,Boniface,51,32,+33 (446) 456-6376,0,2023-08-27 16:50:53
4,0,Guillaume,54,17,+63 (568) 610-4304,0,2023-06-04 07:00:15
5,1,Charline,35,31,+62 (386) 954-5141,1,2023-09-20 15:34:08
6,1,Brietta,33,24,+385 (727) 199-7592,0,2024-02-02 03:54:59
7,0,Randy,44,32,+212 (271) 277-8789,1,2023-08-16 19:07:06
8,0,Tommi,32,33,+57 (197) 782-9678,1,2023-11-29 03:58:26
9,1,Klarrisa,19,46,+57 (334) 786-4190,1,2023-10-05 21:52:18
10,1,Weylin,24,40,+86 (116) 515-5745,1,2023-08-07 23:20:22
11,1,Keir,36,26,+880 (389) 458-2528,1,2024-01-30 08:15:59
12,1,Sharla,52,11,+27 (924) 314-7028,0,2024-04-03 19:58:48
13,1,Olia,36,22,+62 (762) 214-6514,1,2023-07-18 13:59:37
14,1,Priscella,26,17,+352 (993) 427-2219,0,2024-02-20 18:29:19
15,1,Giffie,40,38,+86 (347) 997-1331,1,2024-01-16 03:35:38
16,0,Laraine,50,41,+62 (748) 644-0459,0,2024-04-09 06:17:36
17,0,Karoline,40,32,+355 (350) 147-1915,1,2023-12-15 23:52:34
18,1,Adrianne,30,4,+86 (243) 887-5742,1,2024-02-21 12:47:44
19,1,Markus,43,28,+63 (984) 315-9987,0,2023-04-22 19:41:00
20,0,Timmy,40,25,+48 (440) 457-7395,1,2023-04-29 08:49:29
